{
    "locales": [
        {
            "nombre": "T300 Alto Las Condes",
            "ip": "10.10.106.5",
            "ciudad": "Santiago",
            "codigo_servicio": "02-25-0010273176",
            "compania": "Claro",
            "telefono_compania": "800 000 171"
        },
        {
            "nombre": "T301 Temuco",
            "ip": "10.10.108.5",
            "ciudad": "Temuco",
            "codigo_servicio": "02-25-0010273180",
            "compania": "Claro",
            "telefono_compania": "800 000 171"
        },
        {
            "nombre": "T302 Nu\u00f1oa",
            "ip": "10.10.116.5",
            "ciudad": "Santiago",
            "codigo_servicio": "02-25-0010273170",
            "compania": "Claro",
            "telefono_compania": "800 000 171"
        },
        {
            "nombre": "T303 Concepcion",
            "ip": "10.10.118.5",
            "ciudad": "Concepcion",
            "codigo_servicio": "01-047-863-33",
            "compania": "GTD",
            "telefono_compania": "800 390 800"
        },
        {
            "nombre": "T305 Valdivia",
            "ip": "10.10.121.5",
            "ciudad": "Valdivia",
            "codigo_servicio": "01-040-268-88",
            "compania": "GTD",
            "telefono_compania": "800 390 800"
        },
        {
            "nombre": "T306 Mut",
            "ip": "10.10.123.5",
            "ciudad": "Santiago",
            "codigo_servicio": "01-046-088-88",
            "compania": "GTD",
            "telefono_compania": "800 390 800"
        },
        {
            "nombre": "T307 Plaza Norte",
            "ip": "10.10.122.5",
            "ciudad": "Santiago",
            "codigo_servicio": "02-25-0010412894",
            "compania": "Claro",
            "telefono_compania": "800 000 171"
        },
        {
            "nombre": "T308 Angamos",
            "ip": "10.10.125.5",
            "ciudad": "Santiago",
            "codigo_servicio": "01-047-806-04",
            "compania": "GTD",
            "telefono_compania": "800 390 800"
        },
        {
            "nombre": "T309 El Llano",
            "ip": "10.10.124.5",
            "ciudad": "Santiago",
            "codigo_servicio": "01-047-8633",
            "compania": "GTD",
            "telefono_compania": "800 390 800"
        },
        {
            "nombre": "T310 Belloto",
            "ip": "10.10.127.5",
            "ciudad": "Valparaiso",
            "codigo_servicio": "00-032-956-22",
            "compania": "GTD",
            "telefono_compania": "800 390 800"
        },
        {
            "nombre": "T311 Huerfanos",
            "ip": "10.10.111.5",
            "ciudad": "Santiago",
            "codigo_servicio": "00-097-797-36",
            "compania": "GTD",
            "telefono_compania": "800 390 800"
        },
        {
            "nombre": "T312 EU Vi\u00f1a",
            "ip": "10.10.105.5",
            "ciudad": "Santiago",
            "codigo_servicio": "01-058-957-5",
            "compania": "GTD",
            "telefono_compania": "800 390 800"
        },
        {
            "nombre": "T313 Valparaiso",
            "ip": "10.10.126.5",
            "ciudad": "Valparaiso",
            "codigo_servicio": "00-032-957-44",
            "compania": "GTD",
            "telefono_compania": "800 390 800"
        },
        {
            "nombre": "T400 Parque Arauco",
            "ip": "10.10.100.5",
            "ciudad": "Santiago",
            "codigo_servicio": "02-25-0010273178",
            "compania": "Claro",
            "telefono_compania": "800 000 171"
        },
        {
            "nombre": "T401 Vespucio",
            "ip": "10.10.102.5",
            "ciudad": "Santiago",
            "codigo_servicio": "02-25-0010313645",
            "compania": "Claro",
            "telefono_compania": "800 000 171"
        },
        {
            "nombre": "T402 Tobalaba",
            "ip": "10.10.103.5",
            "ciudad": "Santiago",
            "codigo_servicio": "02-25-0010313648",
            "compania": "Claro",
            "telefono_compania": "800 000 171"
        },
        {
            "nombre": "T403 Trebol",
            "ip": "10.10.119.5",
            "ciudad": "Santiago",
            "codigo_servicio": "02-25-0010273187",
            "compania": "Claro",
            "telefono_compania": "800 000 171"
        },
        {
            "nombre": "T405 Patio Centro",
            "ip": "10.10.107.5",
            "ciudad": "Santiago",
            "codigo_servicio": "01-037-08-38",
            "compania": "GTD",
            "telefono_compania": "800 390 800"
        },
        {
            "nombre": "T406 Antofagasta",
            "ip": "10.10.109.5",
            "ciudad": "Antofagasta",
            "codigo_servicio": "02-25-0010313654",
            "compania": "Claro",
            "telefono_compania": "800 000 171"
        },
        {
            "nombre": "T407 Plaza Sur",
            "ip": "10.10.112.5",
            "ciudad": "Santiago",
            "codigo_servicio": "02-25-0010273186",
            "compania": "Claro",
            "telefono_compania": "800 000 171"
        },
        {
            "nombre": "T408 Plaza Oeste",
            "ip": "10.10.113.5",
            "ciudad": "Santiago",
            "codigo_servicio": "02-25-0010313652",
            "compania": "Claro",
            "telefono_compania": "800 000 171"
        },
        {
            "nombre": "T409 La Reina",
            "ip": "10.10.114.5",
            "ciudad": "Santiago",
            "codigo_servicio": "010453587",
            "compania": "GTD",
            "telefono_compania": "800 390 800"
        },
        {
            "nombre": "T410 La Dehesa",
            "ip": "10.10.115.5",
            "ciudad": "Santiago",
            "codigo_servicio": "02-25-0010273175",
            "compania": "Claro",
            "telefono_compania": "800 000 171"
        },
        {
            "nombre": "T411 Costanera",
            "ip": "10.10.117.5",
            "ciudad": "Santiago",
            "codigo_servicio": "02-25-0010313657",
            "compania": "Claro",
            "telefono_compania": "800 000 171"
        },
        {
            "nombre": "T412 Ega\u00f1a",
            "ip": "10.10.141.5",
            "ciudad": "Santiago",
            "codigo_servicio": "02-25-0010313659",
            "compania": "Claro",
            "telefono_compania": "800 000 171"
        },
        {
            "nombre": "T413 Maipu",
            "ip": "10.10.142.5",
            "ciudad": "Santiago",
            "codigo_servicio": "02-25-0010273183",
            "compania": "Claro",
            "telefono_compania": "800 000 171"
        },
        {
            "nombre": "T414 Florida",
            "ip": "10.10.145.5",
            "ciudad": "Santiago",
            "codigo_servicio": "02-25-0010273184",
            "compania": "Claro",
            "telefono_compania": "800 000 171"
        },
        {
            "nombre": "T415 Los Dominicos",
            "ip": "10.10.146.5",
            "ciudad": "Santiago",
            "codigo_servicio": "02-25-0010313656",
            "compania": "Claro",
            "telefono_compania": "800 000 171"
        },
        {
            "nombre": "T417 Outlet",
            "ip": "192.168.0.5",
            "ciudad": "Santiago",
            "codigo_servicio": "10-000-111-530",
            "compania": "Entel",
            "telefono_compania": "800 390 800"
        },
        {
            "nombre": "T420 Machali",
            "ip": "10.10.120.5",
            "ciudad": "Santiago",
            "codigo_servicio": "0002541091",
            "compania": "GTD",
            "telefono_compania": "800 390 800"
        },
        {
            "nombre": "IIA Transbank",
            "ip": "10.10.9.2",
            "ciudad": "Santiago",
            "codigo_servicio": "IP Publica: 200.6.103.170, Interna: 10.10.9.2",
            "compania": "IIA",
            "telefono_compania": "22 840 1100"
        }
    ],
    "intervalo_ping": 5,
    "timeout": 2,
    "intentos": 3
}