{
    "T300 Alto Las Condes": {
        "nombre": "T300 Alto Las Condes",
        "ip": "10.10.106.5",
        "ciudad": "Santiago",
        "codigo_servicio": "02-25-0010273176",
        "compania": "Claro",
        "telefono_compania": "800 000 171",
        "activo": true,
        "tiempo_respuesta": 7.0,
        "ultimo_check": "2026-01-26 16:51:54",
        "ultimo_cambio": "2026-01-26 15:34:09",
        "cambios": false
    },
    "T301 Temuco": {
        "nombre": "T301 Temuco",
        "ip": "10.10.108.5",
        "ciudad": "Temuco",
        "codigo_servicio": "02-25-0010273180",
        "compania": "Claro",
        "telefono_compania": "800 000 171",
        "activo": true,
        "tiempo_respuesta": 15.0,
        "ultimo_check": "2026-01-26 16:51:54",
        "ultimo_cambio": "2026-01-26 16:49:24",
        "cambios": false
    },
    "T302 Nuñoa": {
        "nombre": "T302 Nuñoa",
        "ip": "10.10.116.5",
        "ciudad": "Santiago",
        "codigo_servicio": "02-25-0010273170",
        "compania": "Claro",
        "telefono_compania": "800 000 171",
        "activo": true,
        "tiempo_respuesta": 8.0,
        "ultimo_check": "2026-01-26 16:51:54",
        "ultimo_cambio": "2026-01-26 10:22:30",
        "cambios": false
    },
    "T303 Concepcion": {
        "nombre": "T303 Concepcion",
        "ip": "10.10.118.5",
        "ciudad": "Concepcion",
        "codigo_servicio": "01-047-863-33",
        "compania": "GTD",
        "telefono_compania": "800 390 800",
        "activo": true,
        "tiempo_respuesta": 13.0,
        "ultimo_check": "2026-01-26 16:51:54",
        "ultimo_cambio": "2026-01-26 16:51:44",
        "cambios": false
    },
    "T305 Valdivia": {
        "nombre": "T305 Valdivia",
        "ip": "10.10.121.5",
        "ciudad": "Valdivia",
        "codigo_servicio": "01-040-268-88",
        "compania": "GTD",
        "telefono_compania": "800 390 800",
        "activo": true,
        "tiempo_respuesta": 19.0,
        "ultimo_check": "2026-01-26 16:51:54",
        "ultimo_cambio": "2026-01-26 16:51:44",
        "cambios": false
    },
    "T306 Mut": {
        "nombre": "T306 Mut",
        "ip": "10.10.123.5",
        "ciudad": "Santiago",
        "codigo_servicio": "01-046-088-88",
        "compania": "GTD",
        "telefono_compania": "800 390 800",
        "activo": true,
        "tiempo_respuesta": 5.0,
        "ultimo_check": "2026-01-26 16:51:54",
        "ultimo_cambio": "2026-01-26 16:51:44",
        "cambios": false
    },
    "T307 Plaza Norte": {
        "nombre": "T307 Plaza Norte",
        "ip": "10.10.122.5",
        "ciudad": "Santiago",
        "codigo_servicio": "02-25-0010412894",
        "compania": "Claro",
        "telefono_compania": "800 000 171",
        "activo": true,
        "tiempo_respuesta": 7.0,
        "ultimo_check": "2026-01-26 16:51:54",
        "ultimo_cambio": "2026-01-26 16:51:44",
        "cambios": false
    },
    "T308 Angamos": {
        "nombre": "T308 Angamos",
        "ip": "10.10.125.5",
        "ciudad": "Santiago",
        "codigo_servicio": "01-047-806-04",
        "compania": "GTD",
        "telefono_compania": "800 390 800",
        "activo": true,
        "tiempo_respuesta": 22.0,
        "ultimo_check": "2026-01-26 16:51:54",
        "ultimo_cambio": "2026-01-26 16:51:44",
        "cambios": false
    },
    "T309 El Llano": {
        "nombre": "T309 El Llano",
        "ip": "10.10.124.5",
        "ciudad": "Santiago",
        "codigo_servicio": "01-047-8633",
        "compania": "GTD",
        "telefono_compania": "800 390 800",
        "activo": true,
        "tiempo_respuesta": 5.0,
        "ultimo_check": "2026-01-26 16:51:54",
        "ultimo_cambio": "2026-01-26 15:07:04",
        "cambios": false
    },
    "T310 Belloto": {
        "nombre": "T310 Belloto",
        "ip": "10.10.127.5",
        "ciudad": "Valparaiso",
        "codigo_servicio": "00-032-956-22",
        "compania": "GTD",
        "telefono_compania": "800 390 800",
        "activo": true,
        "tiempo_respuesta": 8.0,
        "ultimo_check": "2026-01-26 16:51:54",
        "ultimo_cambio": "2026-01-26 16:51:44",
        "cambios": false
    },
    "T311 Huerfanos": {
        "nombre": "T311 Huerfanos",
        "ip": "10.10.111.5",
        "ciudad": "Santiago",
        "codigo_servicio": "00-097-797-36",
        "compania": "GTD",
        "telefono_compania": "800 390 800",
        "activo": true,
        "tiempo_respuesta": 4.0,
        "ultimo_check": "2026-01-26 16:51:54",
        "ultimo_cambio": "2026-01-26 16:39:37",
        "cambios": false
    },
    "T312 EU Viña": {
        "nombre": "T312 EU Viña",
        "ip": "10.10.105.5",
        "ciudad": "Santiago",
        "codigo_servicio": "01-058-957-5",
        "compania": "GTD",
        "telefono_compania": "800 390 800",
        "activo": true,
        "tiempo_respuesta": 9.0,
        "ultimo_check": "2026-01-26 16:51:54",
        "ultimo_cambio": "2026-01-26 16:45:00",
        "cambios": false
    },
    "T313 Valparaiso": {
        "nombre": "T313 Valparaiso",
        "ip": "10.10.126.5",
        "ciudad": "Valparaiso",
        "codigo_servicio": "00-032-957-44",
        "compania": "GTD",
        "telefono_compania": "800 390 800",
        "activo": true,
        "tiempo_respuesta": 8.0,
        "ultimo_check": "2026-01-26 16:51:54",
        "ultimo_cambio": "2026-01-26 10:22:30",
        "cambios": false
    },
    "T400 Parque Arauco": {
        "nombre": "T400 Parque Arauco",
        "ip": "10.10.100.5",
        "ciudad": "Santiago",
        "codigo_servicio": "02-25-0010273178",
        "compania": "Claro",
        "telefono_compania": "800 000 171",
        "activo": true,
        "tiempo_respuesta": 14.0,
        "ultimo_check": "2026-01-26 16:51:54",
        "ultimo_cambio": "2026-01-26 10:22:29",
        "cambios": false
    },
    "T401 Vespucio": {
        "nombre": "T401 Vespucio",
        "ip": "10.10.102.5",
        "ciudad": "Santiago",
        "codigo_servicio": "02-25-0010313645",
        "compania": "Claro",
        "telefono_compania": "800 000 171",
        "activo": true,
        "tiempo_respuesta": 8.0,
        "ultimo_check": "2026-01-26 16:51:54",
        "ultimo_cambio": "2026-01-26 11:40:42",
        "cambios": false
    },
    "T402 Tobalaba": {
        "nombre": "T402 Tobalaba",
        "ip": "10.10.103.5",
        "ciudad": "Santiago",
        "codigo_servicio": "02-25-0010313648",
        "compania": "Claro",
        "telefono_compania": "800 000 171",
        "activo": true,
        "tiempo_respuesta": 7.0,
        "ultimo_check": "2026-01-26 16:51:54",
        "ultimo_cambio": "2026-01-26 10:22:30",
        "cambios": false
    },
    "T403 Trebol": {
        "nombre": "T403 Trebol",
        "ip": "10.10.119.5",
        "ciudad": "Santiago",
        "codigo_servicio": "02-25-0010273187",
        "compania": "Claro",
        "telefono_compania": "800 000 171",
        "activo": true,
        "tiempo_respuesta": 17.0,
        "ultimo_check": "2026-01-26 16:51:54",
        "ultimo_cambio": "2026-01-26 16:45:01",
        "cambios": false
    },
    "T405 Patio Centro": {
        "nombre": "T405 Patio Centro",
        "ip": "10.10.107.5",
        "ciudad": "Santiago",
        "codigo_servicio": "01-037-08-38",
        "compania": "GTD",
        "telefono_compania": "800 390 800",
        "activo": true,
        "tiempo_respuesta": 7.0,
        "ultimo_check": "2026-01-26 16:51:54",
        "ultimo_cambio": "2026-01-26 16:45:01",
        "cambios": false
    },
    "T406 Antofagasta": {
        "nombre": "T406 Antofagasta",
        "ip": "10.10.109.5",
        "ciudad": "Antofagasta",
        "codigo_servicio": "02-25-0010313654",
        "compania": "Claro",
        "telefono_compania": "800 000 171",
        "activo": true,
        "tiempo_respuesta": 25.0,
        "ultimo_check": "2026-01-26 16:51:54",
        "ultimo_cambio": "2026-01-26 10:22:30",
        "cambios": false
    },
    "T407 Plaza Sur": {
        "nombre": "T407 Plaza Sur",
        "ip": "10.10.112.5",
        "ciudad": "Santiago",
        "codigo_servicio": "02-25-0010273186",
        "compania": "Claro",
        "telefono_compania": "800 000 171",
        "activo": true,
        "tiempo_respuesta": 9.0,
        "ultimo_check": "2026-01-26 16:51:54",
        "ultimo_cambio": "2026-01-26 10:42:30",
        "cambios": false
    },
    "T408 Plaza Oeste": {
        "nombre": "T408 Plaza Oeste",
        "ip": "10.10.113.5",
        "ciudad": "Santiago",
        "codigo_servicio": "02-25-0010313652",
        "compania": "Claro",
        "telefono_compania": "800 000 171",
        "activo": true,
        "tiempo_respuesta": 7.0,
        "ultimo_check": "2026-01-26 16:51:54",
        "ultimo_cambio": "2026-01-26 10:22:30",
        "cambios": false
    },
    "T409 La Reina": {
        "nombre": "T409 La Reina",
        "ip": "10.10.114.5",
        "ciudad": "Santiago",
        "codigo_servicio": "010453587",
        "compania": "GTD",
        "telefono_compania": "800 390 800",
        "activo": true,
        "tiempo_respuesta": 5.0,
        "ultimo_check": "2026-01-26 16:51:54",
        "ultimo_cambio": "2026-01-26 10:22:30",
        "cambios": false
    },
    "T410 La Dehesa": {
        "nombre": "T410 La Dehesa",
        "ip": "10.10.115.5",
        "ciudad": "Santiago",
        "codigo_servicio": "02-25-0010273175",
        "compania": "Claro",
        "telefono_compania": "800 000 171",
        "activo": true,
        "tiempo_respuesta": 8.0,
        "ultimo_check": "2026-01-26 16:51:54",
        "ultimo_cambio": "2026-01-26 15:57:40",
        "cambios": false
    },
    "T411 Costanera": {
        "nombre": "T411 Costanera",
        "ip": "10.10.117.5",
        "ciudad": "Santiago",
        "codigo_servicio": "02-25-0010313657",
        "compania": "Claro",
        "telefono_compania": "800 000 171",
        "activo": true,
        "tiempo_respuesta": 5.0,
        "ultimo_check": "2026-01-26 16:51:54",
        "ultimo_cambio": "2026-01-26 13:03:13",
        "cambios": false
    },
    "T412 Egaña": {
        "nombre": "T412 Egaña",
        "ip": "10.10.141.5",
        "ciudad": "Santiago",
        "codigo_servicio": "02-25-0010313659",
        "compania": "Claro",
        "telefono_compania": "800 000 171",
        "activo": true,
        "tiempo_respuesta": 11.0,
        "ultimo_check": "2026-01-26 16:51:54",
        "ultimo_cambio": "2026-01-26 10:22:30",
        "cambios": false
    },
    "T413 Maipu": {
        "nombre": "T413 Maipu",
        "ip": "10.10.142.5",
        "ciudad": "Santiago",
        "codigo_servicio": "02-25-0010273183",
        "compania": "Claro",
        "telefono_compania": "800 000 171",
        "activo": true,
        "tiempo_respuesta": 6.0,
        "ultimo_check": "2026-01-26 16:51:54",
        "ultimo_cambio": "2026-01-26 11:13:41",
        "cambios": false
    },
    "T414 Florida": {
        "nombre": "T414 Florida",
        "ip": "10.10.145.5",
        "ciudad": "Santiago",
        "codigo_servicio": "02-25-0010273184",
        "compania": "Claro",
        "telefono_compania": "800 000 171",
        "activo": true,
        "tiempo_respuesta": 8.0,
        "ultimo_check": "2026-01-26 16:51:54",
        "ultimo_cambio": "2026-01-26 10:22:30",
        "cambios": false
    },
    "T415 Los Dominicos": {
        "nombre": "T415 Los Dominicos",
        "ip": "10.10.146.5",
        "ciudad": "Santiago",
        "codigo_servicio": "02-25-0010313656",
        "compania": "Claro",
        "telefono_compania": "800 000 171",
        "activo": true,
        "tiempo_respuesta": 7.0,
        "ultimo_check": "2026-01-26 16:51:54",
        "ultimo_cambio": "2026-01-26 10:22:30",
        "cambios": false
    },
    "T417 Outlet": {
        "nombre": "T417 Outlet",
        "ip": "192.168.0.5",
        "ciudad": "Santiago",
        "codigo_servicio": "10-000-111-530",
        "compania": "Entel",
        "telefono_compania": "800 390 800",
        "activo": true,
        "tiempo_respuesta": 1.0,
        "ultimo_check": "2026-01-26 16:51:54",
        "ultimo_cambio": "2026-01-26 10:22:30",
        "cambios": false
    },
    "T420 Machali": {
        "nombre": "T420 Machali",
        "ip": "10.10.120.5",
        "ciudad": "Santiago",
        "codigo_servicio": "0002541091",
        "compania": "GTD",
        "telefono_compania": "800 390 800",
        "activo": true,
        "tiempo_respuesta": 5.0,
        "ultimo_check": "2026-01-26 16:51:54",
        "ultimo_cambio": "2026-01-26 10:22:30",
        "cambios": false
    },
    "IIA Transbank": {
        "nombre": "IIA Transbank",
        "ip": "10.10.9.2",
        "ciudad": "Santiago",
        "codigo_servicio": "IP Publica: 200.6.103.170, Interna: 10.10.9.2",
        "compania": "IIA",
        "telefono_compania": "22 840 1100",
        "activo": true,
        "tiempo_respuesta": 4.0,
        "ultimo_check": "2026-01-26 16:51:54",
        "ultimo_cambio": "2026-01-26 10:22:30",
        "cambios": false
    }
}